feature,importance,fold
queries_d_count,77.93303045333654,15
queries_o_count,77.5685231969469,15
queries_o_d_count,78.91860081728905,15
queries_x_d_count,70.79363722436814,15
queries_x_o_count,70.51958236629531,15
queries_y_d_count,70.8275176498449,15
queries_y_o_count,70.6283093796646,15
x_d,72.48750312737425,15
x_o,72.59934848705674,15
y_d,73.46513499009002,15
y_o,72.55593766354299,15
